,Count,Depth rel. skull [mm],PA rel. Bregma [mm],VTA t,Best Cluster
0,6,4.6,-3.2,1.0736326571398724,False
1,4,4.6,-3.3,1.0422014743089676,False
2,15,4.0,-3.5,1.0544178659717243,False
3,2,4.3,-3.5,-0.11618471890687943,False
4,8,4.4,-3.2,1.792634580284357,True
5,6,4.4,-3.3,2.3566574354966483,True
6,5,4.5,-3.2,2.1247141480445864,True
7,7,4.5,-3.3,1.1291710095746177,False
8,12,4.5,-3.05,2.447376735508442,True
