,Count,Depth rel. skull [mm],PA rel. Bregma [mm],VTA t,Best Cluster
0,3,4.6,-3.2,0.9011221664647261,False
1,2,4.6,-3.3,1.914069890975952,True
2,11,4.0,-3.5,1.1564524404027245,False
3,1,4.3,-3.5,-0.4868948757648468,False
4,1,4.25,-3.5,-0.24456924200057986,False
5,4,4.4,-3.2,2.443732976913452,True
6,3,4.4,-3.3,1.76434326171875,True
7,4,4.5,-3.2,2.1590173691511154,True
8,4,4.5,-3.3,1.6339747421443462,True
9,6,4.5,-3.05,4.007929881413777,True
