,Count,Depth rel. skull [mm],PA rel. Bregma [mm],VTA t,Best Cluster
0,3,4.6,-3.2,0.5593616763750712,True
1,2,4.6,-3.3,-0.44590289145708084,False
2,3,4.0,-3.5,-0.32138168811798096,False
3,1,4.3,-3.5,0.7465599179267883,True
4,1,4.25,-3.5,-1.2868231534957886,False
5,4,4.4,-3.2,0.6039123458322138,True
6,3,4.4,-3.3,0.33788362704217434,True
7,1,4.5,-3.2,0.21785430610179898,True
8,3,4.5,-3.3,-0.19018667936325073,False
9,6,4.5,-3.05,-0.21878537038962054,False
